feature_0,feature_1,feature_2,feature_3,feature_4,feature_5,feature_6,feature_7,feature_8,feature_9,feature_10,feature_11,feature_12,feature_13,feature_14,feature_15,feature_16,feature_17,feature_18,feature_19,feature_20,feature_21,feature_22,feature_23,feature_24,feature_25,feature_26,feature_27,feature_28,feature_29,feature_30,feature_31,feature_32,feature_33,feature_34,feature_35,feature_36,feature_37,feature_38,feature_39,feature_40,feature_41,feature_42,feature_43,feature_44,feature_45,feature_46,feature_47,feature_48,feature_49,feature_50,feature_51,feature_52,feature_53,feature_54,label
-27.7529239654541,-21.15877342224121,2.1652920246124268,-1.2732133865356445,7.299431800842285,1.2191414833068848,18.303693771362305,0.4761229455471039,-4.150404930114746,-1.655802607536316,-7.269282817840576,2.801766872406006,9.676780700683594,-2.8248414993286133,-2.5463645458221436,-3.247009038925171,-3.7436795234680176,-5.8800859451293945,3.0508873462677,-0.2978227734565735,-6.190332889556885,-3.5117084980010986,-8.727155685424805,-3.448160171508789,-6.548091411590576,-16.412769317626953,2.719243288040161,4.102430820465088,15.269701957702637,5.195690155029297,-12.71662712097168,20.673460006713867,8.018204689025879,24.587574005126953,-7.858672142028809,-16.12762451171875,-6.820465087890625,4.972240447998047,-0.10786502063274384,2.846282482147217,5.973814487457275,-5.0630202293396,11.181161880493164,1.9465175867080688,-1.778468370437622,3.5339462757110596,-2.4704794883728027,-1.005063533782959,-3.889043092727661,-6.6458940505981445,1.9960002899169922,4.112232685089111,-0.7917162179946899,-1.1997941732406616,0.2402249425649643,1.0
9.601083755493164,-10.545095443725586,4.532896995544434,-6.236670970916748,-41.86430358886719,-7.4956183433532715,-23.492727279663086,2.170051336288452,1.3917418718338013,-1.184243083000183,-1.6447277069091797,6.701432704925537,-9.039620399475098,-10.366954803466797,-18.705915451049805,-14.48453140258789,14.427186012268066,0.39652734994888306,0.6474754810333252,-16.67254066467285,20.835405349731445,-25.611574172973633,13.010290145874023,-22.393924713134766,-4.720157623291016,6.368424415588379,14.962258338928223,-8.357256889343262,18.42374038696289,2.090592384338379,-1.3649662733078003,-2.3727965354919434,-5.771095275878906,6.292649269104004,-2.1639773845672607,1.9178858995437622,1.4934049844741821,5.064273357391357,9.778478622436523,0.4271339476108551,-3.8660078048706055,1.1495999097824097,-3.5494863986968994,-2.5833349227905273,0.8682131767272949,-1.8405921459197998,1.5902940034866333,0.23212599754333496,-1.160238265991211,-0.44351592659950256,-3.2497425079345703,-3.166141986846924,-0.1669062227010727,-1.459145426750183,-1.097390055656433,1.0
-25.753822326660156,-0.45829883217811584,-5.180359363555908,2.07466721534729,6.274921894073486,3.8243308067321777,1.1816575527191162,2.5961356163024902,9.626708030700684,-6.40406608581543,-5.764662742614746,-2.135436773300171,4.901487827301025,-8.676803588867188,-7.556753635406494,1.9946208000183105,-4.081949710845947,7.982858657836914,0.7373514175415039,-4.6543498039245605,1.9667831659317017,2.7532992362976074,3.6189308166503906,-0.7736415863037109,-1.0316725969314575,-3.966559648513794,-0.18270651996135712,7.178666591644287,-6.090898036956787,9.764959335327148,7.306238174438477,-5.12722635269165,-5.338038921356201,-0.40174394845962524,-0.28940075635910034,-0.38928574323654175,12.513683319091797,1.030775785446167,3.192607879638672,8.511502265930176,0.326217383146286,22.624425888061523,17.523366928100586,10.531022071838379,0.0012471536174416542,-9.729077339172363,-9.75546932220459,-1.082470417022705,-3.9718105792999268,-6.509608268737793,5.40036678314209,-11.996389389038086,4.530969619750977,-2.811662197113037,3.195413589477539,1.0
-37.65555953979492,21.270160675048828,-8.45469856262207,4.350539207458496,-7.374444484710693,1.0649681091308594,-13.743305206298828,4.328853607177734,14.01545238494873,-0.564452052116394,-20.048664093017578,-13.866838455200195,-7.232269287109375,-5.62941837310791,-0.049319297075271606,-6.273473262786865,-23.19141387939453,-31.66904640197754,-31.282958984375,28.293354034423828,28.852176666259766,13.64805793762207,3.53422212600708,-6.334601879119873,4.805248737335205,5.135473728179932,-5.615625858306885,-7.355076313018799,-1.4808781147003174,9.401078224182129,3.5674550533294678,-1.679330825805664,4.3419599533081055,1.8540434837341309,-1.3340529203414917,-3.585624933242798,-3.8143835067749023,2.631348133087158,-3.1939401626586914,-1.4950743913650513,0.9948646426200867,-3.3511533737182617,-0.028978949412703514,0.9488869905471802,-0.6722748279571533,0.6939447522163391,0.014388172887265682,2.0314056873321533,-2.5238115787506104,1.009800910949707,0.22234436869621277,-1.1383676528930664,1.0972462892532349,-0.19976748526096344,0.5819250345230103,1.0
15.514065742492676,27.308095932006836,65.55631256103516,-20.127126693725586,11.977466583251953,-65.25140380859375,20.78215217590332,71.51725769042969,9.403714179992676,-5.87203311920166,14.871885299682617,3.0449347496032715,-3.9669206142425537,-3.067310333251953,0.5627473592758179,-1.0934422016143799,-5.244735240936279,-0.5239970088005066,-8.21684741973877,-9.24738883972168,-0.682421863079071,3.341336488723755,0.3097361922264099,0.9539380073547363,2.290842294692993,3.433666944503784,-0.5630947947502136,-0.037588030099868774,-1.1538771390914917,1.8133220672607422,-4.333154678344727,1.4350478649139404,-1.7548761367797852,-1.9227659702301025,0.8111489415168762,-0.13024312257766724,0.46690478920936584,-0.0896885022521019,-0.7082011103630066,0.275569349527359,-0.9381195902824402,-0.9912534356117249,-0.5374566316604614,0.3314892053604126,-0.14365126192569733,0.34697192907333374,-0.3212944567203522,-0.7553424835205078,-0.18082119524478912,-0.48814883828163147,0.05068584531545639,-0.022082924842834473,-0.5014039278030396,0.07620297372341156,0.001778701669536531,1.0
-34.785709381103516,-9.948896408081055,6.555763244628906,0.031737640500068665,7.109571933746338,-1.2741632461547852,3.64618182182312,-4.76887845993042,3.158703088760376,3.181699752807617,5.543839454650879,-0.5442608594894409,0.6063501834869385,-0.09228819608688354,4.767484664916992,-1.0761662721633911,-1.350490689277649,-1.051047444343567,1.369919776916504,-3.1599762439727783,-6.698080539703369,2.626667022705078,0.3093504309654236,-2.048190116882324,-3.2569563388824463,-4.929056644439697,-1.769461750984192,1.6112381219863892,2.6519134044647217,2.1635208129882812,-3.335700511932373,1.7005424499511719,7.480882167816162,6.526147365570068,0.9814808964729309,-7.876817226409912,-2.504849910736084,4.784819602966309,-2.757192373275757,-7.202095985412598,-2.1384270191192627,17.255834579467773,-11.527715682983398,-6.8292670249938965,-6.835361957550049,-4.324579238891602,3.9467897415161133,9.123703956604004,6.74131965637207,23.480270385742188,4.99240779876709,-10.229806900024414,-6.764485836029053,-6.44545841217041,1.4483529329299927,1.0
-26.73336410522461,-1.1443673372268677,1.3242008686065674,5.546531677246094,13.894574165344238,2.5380735397338867,-1.1751971244812012,-4.766536235809326,4.7557806968688965,-2.6573047637939453,5.9206037521362305,-2.2968952655792236,-2.726135730743408,-5.150613307952881,1.4514809846878052,-1.1213161945343018,-0.004818551242351532,1.8541334867477417,2.851811170578003,-2.435007095336914,-0.26528823375701904,-0.004452535882592201,-1.5819586515426636,-0.7735844850540161,0.3526913821697235,7.238037586212158,-7.428923606872559,0.3872605264186859,-4.253756523132324,-0.7294845581054688,-0.9664480686187744,2.9624552726745605,-1.8309221267700195,2.219156503677368,0.9125838875770569,0.08626287430524826,-1.3595019578933716,3.0233988761901855,-2.9929628372192383,3.524684429168701,-1.8085196018218994,13.734949111938477,-8.36717414855957,-7.477306365966797,-3.368910551071167,-9.24079418182373,-1.0257996320724487,-2.459239959716797,-19.088640213012695,-0.9648770093917847,-15.884934425354004,18.52885627746582,7.2605438232421875,-6.067254543304443,0.2780848443508148,1.0
3.5743014812469482,32.227020263671875,-27.522235870361328,-1.4027122259140015,8.927621841430664,9.062555313110352,-1.3852076530456543,15.917034149169922,-0.16283249855041504,-12.81527328491211,-12.966691970825195,-1.7406219244003296,21.08522605895996,1.5178356170654297,-13.296060562133789,28.477092742919922,6.415494918823242,51.342742919921875,-23.015655517578125,13.485065460205078,5.41316032409668,-5.8408522605896,12.230108261108398,-4.074380397796631,-9.606529235839844,1.3304612636566162,-9.195977210998535,-1.3323243856430054,4.394623279571533,0.6446151733398438,-1.7108210325241089,3.0123376846313477,4.325499534606934,1.5026166439056396,-1.3545422554016113,0.33362263441085815,-3.2459559440612793,-0.3549146354198456,-5.595760822296143,-3.996176242828369,-2.0392866134643555,-3.4465765953063965,-2.9607112407684326,-0.9946216344833374,1.2613184452056885,0.8128067851066589,1.9920305013656616,0.5886778831481934,0.6175734996795654,1.2406458854675293,-0.7210455536842346,-0.17965996265411377,2.3890297412872314,0.5330194234848022,1.5983268022537231,1.0
-1.8785712718963623,-23.381389617919922,1.9350993633270264,-0.8084424138069153,-21.840225219726562,-1.8395814895629883,-10.977689743041992,5.579476356506348,-1.8705086708068848,-2.931119918823242,-5.780665874481201,1.6857576370239258,-0.4310162365436554,0.11195188760757446,-9.19632625579834,3.6456573009490967,8.89296817779541,-4.096450328826904,-3.4357616901397705,-2.04483962059021,-4.643426418304443,7.176882266998291,-1.786704182624817,9.718846321105957,-1.961559534072876,-1.8760230541229248,-4.7369465827941895,3.3956243991851807,1.035746455192566,-3.5727946758270264,-4.837573051452637,-5.397209644317627,5.142940044403076,1.4078705310821533,6.495102405548096,2.5403687953948975,7.80397891998291,2.9421887397766113,0.6092569231987,4.431272983551025,4.434547424316406,-2.8220582008361816,-3.567959785461426,-2.9918441772460938,4.216846942901611,-1.3559190034866333,-10.624820709228516,29.8781681060791,8.523981094360352,-6.53136682510376,-0.9167695641517639,9.183564186096191,3.3440098762512207,-4.67758321762085,-3.05240797996521,1.0
-53.6434440612793,-14.017217636108398,8.028634071350098,2.4321651458740234,-1.2272350788116455,-0.5180149674415588,-3.784478187561035,-6.789058685302734,8.414800643920898,1.3068610429763794,2.336535930633545,-0.2441309690475464,-1.7279198169708252,-5.775399208068848,-1.3553444147109985,-8.951335906982422,-2.898606777191162,1.4489940404891968,-1.045050859451294,-3.3446662425994873,-6.296271324157715,0.4939183294773102,3.8677797317504883,2.854477882385254,-1.3857532739639282,-2.8298580646514893,-1.1350866556167603,-0.42955151200294495,2.9942190647125244,-1.2913684844970703,-2.2226555347442627,4.709043025970459,1.803741693496704,-6.326635360717773,-1.6201263666152954,-1.2254126071929932,4.1422200202941895,-6.085124492645264,1.5772771835327148,-3.757194995880127,-1.4575393199920654,-1.2880058288574219,-5.458133220672607,-6.768932342529297,-0.6828868389129639,1.963496446609497,4.748233318328857,-2.939215898513794,-0.5875658988952637,-2.615975856781006,-1.8278594017028809,-0.5477025508880615,-1.1356931924819946,17.857505798339844,-0.6825860738754272,1.0
-31.017431259155273,1.7424440383911133,-2.516230821609497,-0.6708762645721436,-2.8150711059570312,-2.7402544021606445,-4.007464408874512,-3.174574613571167,1.7711472511291504,-1.7065914869308472,-3.7308809757232666,0.3899439573287964,3.5443084239959717,-0.3175129294395447,-3.12935471534729,2.4134809970855713,1.7338718175888062,2.173891305923462,-3.3360092639923096,-0.4260881543159485,-3.717900037765503,5.988886833190918,0.8682138323783875,-1.9655572175979614,3.1894474029541016,1.0174763202667236,-7.173886299133301,3.9055728912353516,0.39994776248931885,-2.8017945289611816,-5.779755592346191,-2.6285111904144287,-1.2311127185821533,1.9635212421417236,4.595971584320068,-4.241342544555664,7.011241436004639,1.913923740386963,1.6091341972351074,1.7059587240219116,1.8931543827056885,3.7233846187591553,1.8957887887954712,0.9536826610565186,-0.7564194202423096,-4.361417770385742,-0.6506652235984802,4.655237197875977,-0.4791443347930908,-4.664035797119141,-6.2635040283203125,-6.175020694732666,-10.052624702453613,16.783876419067383,-16.155805587768555,1.0
-1.1848714351654053,-38.334449768066406,0.3215040862560272,0.8924146890640259,0.4152292311191559,4.739564895629883,9.753188133239746,0.7484757900238037,4.177417755126953,-2.585446357727051,-8.777713775634766,0.7550221681594849,7.469832420349121,-5.586581230163574,-2.4180214405059814,-0.5639209747314453,-11.29871654510498,-5.132968425750732,-0.04204774275422096,0.1506144404411316,-4.924499988555908,6.8539276123046875,7.298386096954346,6.819408416748047,-2.7856075763702393,-13.301627159118652,-0.9697720408439636,13.14704704284668,12.264463424682617,9.202518463134766,-0.3472670018672943,-0.8098092079162598,-11.33726692199707,-4.061302661895752,-15.345553398132324,9.668609619140625,20.411283493041992,-0.6126556992530823,-0.4103805124759674,-8.083074569702148,-2.5825021266937256,-14.29986572265625,-2.884932279586792,4.955654144287109,4.160534858703613,-7.087392330169678,-4.39733362197876,-5.5685834884643555,2.344390869140625,11.096566200256348,-11.632128715515137,1.2493098974227905,-1.3704320192337036,-4.403967380523682,0.017563918605446815,1.0
-25.125192642211914,11.479610443115234,-4.351511001586914,-0.15446685254573822,5.271732807159424,-2.6801228523254395,-3.308535099029541,-8.569223403930664,9.831367492675781,-4.695100784301758,9.50368881225586,-5.153411388397217,-1.4112217426300049,1.8652029037475586,5.373467445373535,3.348048686981201,-7.715681076049805,6.05497932434082,3.129013776779175,-7.668611526489258,0.46458256244659424,7.594734191894531,14.483004570007324,-5.93105936050415,15.0211820602417,-2.136772394180298,19.503488540649414,9.671408653259277,-12.71761417388916,-6.970675945281982,2.1532440185546875,0.32804587483406067,23.218782424926758,15.337581634521484,6.50656270980835,11.380436897277832,8.24460506439209,1.29341459274292,-0.11621575057506561,14.829075813293457,-11.04808521270752,-11.733619689941406,-3.218017816543579,5.325494289398193,-4.249405384063721,-1.7490078210830688,5.144148349761963,-0.9151555299758911,-1.3685503005981445,1.601157307624817,-0.37774601578712463,-0.7558529376983643,0.8398147821426392,-0.5322178602218628,1.1560059785842896,1.0
102.60694122314453,-57.10076904296875,-20.428020477294922,14.04194450378418,16.585561752319336,28.776350021362305,-11.491472244262695,22.039657592773438,40.14163589477539,-19.394681930541992,23.35247230529785,-24.284042358398438,-18.907617568969727,3.8126392364501953,11.48720645904541,2.105076313018799,5.523904800415039,-5.05048942565918,-3.2627127170562744,14.686721801757812,-10.263409614562988,-2.4064993858337402,-8.242560386657715,-7.2259602546691895,-5.153210163116455,1.19270920753479,1.543275237083435,1.4677811861038208,16.306171417236328,-6.716218948364258,-5.914458274841309,0.6445417404174805,5.420506000518799,-4.17102575302124,5.706267833709717,4.692328453063965,1.1687711477279663,0.17327456176280975,1.7389482259750366,2.151401996612549,3.5113794803619385,2.3134331703186035,2.589088201522827,1.5013748407363892,-2.735100030899048,-0.40252119302749634,0.33971771597862244,-1.342329502105713,-0.6494672298431396,-0.07454933971166611,-0.39463141560554504,-2.3126063346862793,0.29544007778167725,1.2363632917404175,-0.01449861191213131,1.0
-12.58677864074707,-23.60698699951172,2.745356559753418,0.10466467589139938,-7.5981292724609375,-0.04620794951915741,-0.2582275867462158,-1.43495512008667,-3.1703133583068848,7.769862651824951,1.1995131969451904,4.708096981048584,-4.608428001403809,-1.3253240585327148,-1.022290825843811,-4.0588555335998535,5.8971943855285645,-3.0262632369995117,-4.727688789367676,-0.4002454876899719,-7.506793022155762,3.236204147338867,6.10634708404541,5.632180690765381,-5.956643581390381,0.12278589606285095,-3.2500598430633545,-3.086616039276123,0.6330477595329285,0.2549929916858673,-3.9772233963012695,-0.9801509380340576,-0.8861881494522095,-0.8202419877052307,1.2944048643112183,1.1751295328140259,2.6848082542419434,-1.7465856075286865,-1.817781925201416,0.5898832678794861,1.6023871898651123,-5.075896739959717,-4.407681941986084,-4.938903331756592,0.672711968421936,-1.8969669342041016,0.8432360291481018,3.6611270904541016,-2.604442596435547,-6.791524887084961,6.622061252593994,-5.46974515914917,1.9881757497787476,-0.8193221092224121,17.92289924621582,1.0
-43.99998092651367,-16.57358741760254,7.212297439575195,2.4522764682769775,5.5144453048706055,1.125035285949707,-0.6291489601135254,-6.327803611755371,0.0883777067065239,3.7622060775756836,5.403589248657227,0.037385113537311554,-3.1138999462127686,-0.014629904180765152,1.72882878780365,-3.498626708984375,-0.49489033222198486,1.663638949394226,-1.2585039138793945,-0.7110775113105774,-6.0648040771484375,2.503570079803467,-2.136261463165283,2.1555047035217285,-1.8624759912490845,-0.2506939470767975,-2.904111623764038,-2.3057541847229004,0.0033697038888931274,-0.40462300181388855,-0.235402449965477,-0.5782477855682373,-0.20707467198371887,-0.7562862038612366,2.6003079414367676,-1.3917731046676636,1.0413058996200562,1.8327268362045288,-1.055402398109436,-2.2688498497009277,-2.3359577655792236,1.5839014053344727,-4.089695930480957,-0.30120325088500977,-0.6236789226531982,1.0146057605743408,3.567441940307617,-1.311621904373169,-0.7681529521942139,-4.109958171844482,-4.373090744018555,-3.374417304992676,1.9233211278915405,6.672140121459961,-0.01605977676808834,1.0
-4.954398155212402,-20.231826782226562,-4.418802261352539,4.268799304962158,-4.351944446563721,5.557739734649658,0.021170251071453094,1.0693156719207764,9.85692024230957,-2.7885212898254395,-3.396765947341919,-1.481423258781433,0.7582218647003174,-8.885826110839844,-3.9998152256011963,2.263843297958374,-4.453823566436768,4.271933555603027,-1.332289457321167,-0.13603579998016357,-2.7199695110321045,5.225539684295654,9.040384292602539,5.898261547088623,2.181427240371704,-3.7633655071258545,-3.51753306388855,-0.16128340363502502,-3.729444742202759,-2.710261821746826,0.38475415110588074,0.6682664155960083,-7.2518391609191895,-3.069561719894409,-3.0346710681915283,2.2009356021881104,1.7584174871444702,-4.254492282867432,11.09251594543457,0.8003203272819519,2.846911668777466,-4.730101585388184,-9.101972579956055,-10.686563491821289,-6.88539457321167,-3.28934907913208,0.8576294779777527,-5.026529312133789,-12.217583656311035,-6.35323429107666,21.498506546020508,3.661397933959961,-12.157058715820312,-9.022953033447266,-9.730649948120117,1.0
-6.165078163146973,-9.578678131103516,4.208712577819824,-3.396371603012085,-14.114468574523926,-5.465417385101318,-5.1534857749938965,-10.467719078063965,-12.518954277038574,13.175154685974121,15.864574432373047,4.079223155975342,-0.5198745727539062,10.127904891967773,13.837244033813477,-4.050139904022217,-10.693513870239258,10.435152053833008,-8.207075119018555,-4.779715538024902,4.999682903289795,-3.5037639141082764,3.0465564727783203,6.0573272705078125,18.312732696533203,1.995775580406189,-2.91054630279541,26.235971450805664,28.39324951171875,7.195415019989014,14.606383323669434,-0.6293425559997559,-2.0549709796905518,-11.631271362304688,6.84838342666626,-4.822216033935547,-12.320202827453613,-0.6403748989105225,-9.560637474060059,10.115931510925293,0.1302635222673416,-0.9552112817764282,1.7486528158187866,-0.06810104846954346,0.002435908652842045,-0.267225444316864,-0.0763029158115387,2.009040117263794,-2.454486131668091,0.23091229796409607,3.390791893005371,1.6926943063735962,-0.8335152864456177,0.16728751361370087,0.23050938546657562,1.0
6.579371452331543,-18.902746200561523,4.17329740524292,3.022839307785034,-28.4277286529541,-3.142857551574707,-13.671101570129395,-3.421297788619995,-8.427168846130371,14.349726676940918,1.2981361150741577,7.009220123291016,-10.445267677307129,-1.947272777557373,2.639958143234253,-1.9947128295898438,-8.764246940612793,5.923583507537842,-4.430850505828857,-6.655228614807129,-1.883607268333435,9.172385215759277,12.549347877502441,17.379112243652344,-4.0532636642456055,0.39322903752326965,-2.2098352909088135,-13.877140998840332,4.547151565551758,-4.343710899353027,-11.48736572265625,-2.0786092281341553,-2.257887363433838,13.0758638381958,19.29961585998535,10.867486000061035,-2.4881203174591064,-0.7731165289878845,-14.045990943908691,-8.198965072631836,13.259444236755371,3.6700797080993652,0.23057568073272705,11.024600982666016,-4.279187202453613,0.017884593456983566,-4.334534645080566,-12.53672981262207,1.8558955192565918,0.7161844968795776,-0.14517107605934143,0.41347813606262207,0.7659734487533569,-1.852521538734436,-2.0579981803894043,1.0
14.015687942504883,27.68830108642578,-24.90719223022461,-4.616213798522949,29.03575325012207,-1.0522069931030273,6.0935492515563965,-14.197640419006348,-1.8235260248184204,-16.763507843017578,27.79715919494629,1.9643772840499878,0.3324984014034271,9.533038139343262,-10.570828437805176,4.378517150878906,26.37722396850586,-7.489191055297852,-0.21338635683059692,-18.560014724731445,38.89045333862305,27.203039169311523,-5.344335079193115,17.155046463012695,-9.138923645019531,-8.250311851501465,4.0670342445373535,-0.9476927518844604,6.432494163513184,-1.895146369934082,-0.14006458222866058,0.9258118867874146,-2.8211944103240967,0.19102495908737183,-1.1031752824783325,-1.617672085762024,-1.422041416168213,-3.2150721549987793,1.2029885053634644,-2.6223840713500977,-2.6623406410217285,-0.31443947553634644,-0.8947173357009888,0.7683311700820923,-1.6192278861999512,-0.19503717124462128,0.6008062958717346,-1.0245966911315918,0.8061280250549316,-0.5903917551040649,0.9636167883872986,-0.010389447212219238,0.2253245860338211,1.2149304151535034,-0.12051095813512802,1.0
10.528356552124023,14.073160171508789,-13.591607093811035,-11.888811111450195,13.443148612976074,-0.09710125625133514,35.94599914550781,-8.795897483825684,-17.367225646972656,8.896336555480957,13.8504638671875,4.952389240264893,0.48361846804618835,13.390020370483398,5.125766754150391,-8.157432556152344,31.621692657470703,-23.35781478881836,-22.8740234375,15.605429649353027,-12.701972961425781,-19.035194396972656,31.515018463134766,4.456162929534912,-7.345783710479736,4.885857105255127,1.2076610326766968,4.589653491973877,-5.098912715911865,0.7866687774658203,1.016717553138733,-4.705910682678223,4.262380599975586,-0.39553385972976685,-1.1851500272750854,-1.6365724802017212,3.468578815460205,0.5347996354103088,0.2498966008424759,2.0079257488250732,2.9068424701690674,2.0820975303649902,3.7057361602783203,0.5324722528457642,-0.055758729577064514,0.2437088042497635,-1.6897727251052856,-3.0317721366882324,0.06864111125469208,0.06478819996118546,-0.587801992893219,2.11143159866333,-1.9290333986282349,-0.7612191438674927,-2.4612340927124023,1.0
13.086143493652344,-54.30686950683594,2.745689630508423,9.60055923461914,5.0706400871276855,9.622925758361816,3.8488011360168457,9.276530265808105,14.56175708770752,-16.096311569213867,-15.750463485717773,0.3478192090988159,0.5156090259552002,-17.20970344543457,-17.168832778930664,5.45474100112915,-2.3523683547973633,-11.744819641113281,13.947569847106934,-13.927851676940918,9.852935791015625,-13.606903076171875,5.859553337097168,9.209848403930664,-8.473576545715332,12.87340259552002,-12.153425216674805,24.792409896850586,-13.523452758789062,-5.934306621551514,7.496135711669922,-10.335018157958984,2.2920970916748047,7.50597620010376,6.251353740692139,-10.759722709655762,-7.387075424194336,-0.8092562556266785,-4.133439540863037,-3.837131977081299,2.852820634841919,-3.1844873428344727,-1.759515404701233,1.5475326776504517,8.613837242126465,6.940268516540527,4.7926926612854,-4.526663303375244,1.8484933376312256,1.9841359853744507,0.12391944974660873,-0.22386682033538818,0.26390206813812256,0.6649059057235718,0.7548390626907349,0.0
-13.302029609680176,0.9576050043106079,-6.504151344299316,-6.127597808837891,-2.854008674621582,-3.7843027114868164,2.699282169342041,-1.4530391693115234,-11.338089942932129,-3.2209978103637695,-0.5295256972312927,3.9024930000305176,0.48559924960136414,2.069060802459717,-7.37401008605957,9.239768028259277,4.454333782196045,1.524426817893982,-2.459563970565796,2.128952741622925,0.7040513753890991,2.957500696182251,-9.41943073272705,-9.423215866088867,14.611981391906738,-3.3767249584198,3.962573289871216,-3.655369758605957,1.2636221647262573,-9.550470352172852,5.787339210510254,-1.7350811958312988,1.3270103931427002,-5.253421306610107,18.88107681274414,-8.849828720092773,18.629806518554688,11.532171249389648,6.700927257537842,-10.187897682189941,4.17759895324707,-1.306957721710205,11.454638481140137,-6.982994556427002,4.823031902313232,12.347031593322754,-5.399219512939453,-4.999599933624268,-7.312055587768555,11.326336860656738,3.1039514541625977,7.636763572692871,-1.4458187818527222,1.4081565141677856,4.187836647033691,0.0
-31.15541648864746,8.480033874511719,0.6232149600982666,-3.120713710784912,3.7206859588623047,-7.897908687591553,2.2558517456054688,-6.7623372077941895,3.4744913578033447,-3.0676441192626953,3.4204416275024414,-9.082022666931152,12.24612045288086,14.837932586669922,7.345252990722656,-2.5120742321014404,-2.3574795722961426,-0.06142347678542137,6.372607707977295,-4.670810699462891,-0.17946790158748627,4.094065189361572,-0.9433618783950806,-14.979633331298828,0.8661994338035583,-1.157392144203186,7.371435165405273,7.619513988494873,-2.455195665359497,-4.198718547821045,-8.828722953796387,-17.729280471801758,8.701765060424805,-0.3907161355018616,-6.085350036621094,12.325450897216797,-18.510435104370117,0.5054548382759094,-1.3624645471572876,-15.472161293029785,7.5061492919921875,-2.893083095550537,6.881265163421631,-12.620622634887695,9.738998413085938,-9.950027465820312,-13.738297462463379,-2.490809917449951,-2.614821672439575,-1.9103206396102905,0.18936344981193542,-2.8171048164367676,-0.7350895404815674,1.176361322402954,0.6620055437088013,0.0
46.486270904541016,-38.8745231628418,0.3538367450237274,2.211841583251953,-13.41182804107666,8.588078498840332,4.261704444885254,0.9014264345169067,-30.29047203063965,30.55889129638672,19.053491592407227,15.10690975189209,-25.202219009399414,3.497058868408203,20.661338806152344,12.378239631652832,-17.84983253479004,8.711685180664062,-14.710906028747559,-5.191333293914795,16.567157745361328,1.1424044370651245,-9.826727867126465,-17.6673583984375,-18.316978454589844,-5.0974507331848145,-6.902373790740967,10.933658599853516,-17.54986000061035,-4.693272113800049,-3.264000177383423,2.040327787399292,0.04626843333244324,1.1172354221343994,-6.568253040313721,-0.17036467790603638,4.335776329040527,-0.9014219641685486,4.958024501800537,0.0435432530939579,-0.7686999440193176,0.9049996733665466,2.022684335708618,-1.2181276082992554,1.106774926185608,0.17614860832691193,1.3379403352737427,0.4196438789367676,1.4815475940704346,-1.007428526878357,-0.9606059193611145,0.47481048107147217,-0.6109944581985474,-0.11447371542453766,-2.1685256958007812,0.0
25.826013565063477,45.30190658569336,-30.937707901000977,-13.955934524536133,-30.160568237304688,-8.263090133666992,41.41829299926758,-16.21634864807129,62.215728759765625,15.939595222473145,-20.888944625854492,35.260501861572266,-20.894840240478516,17.803306579589844,4.504949569702148,0.013368891552090645,3.1688232421875,6.402737617492676,5.086817264556885,-0.5849764943122864,-0.744047999382019,1.4352134466171265,-8.091453552246094,0.7975471019744873,1.271723747253418,-0.07853958010673523,-2.1809403896331787,-0.4028410017490387,-0.23097096383571625,1.1694293022155762,0.13008417189121246,-0.36546680331230164,-0.33733323216438293,-0.27105170488357544,-0.19091099500656128,-1.3899742364883423,-0.7819350957870483,1.2746191024780273,-1.3784478902816772,0.31094399094581604,-1.0820517539978027,-0.33735328912734985,-1.5451856851577759,0.279488205909729,2.4078314304351807,0.011414483189582825,0.12404331564903259,-0.12125671654939651,-0.23890568315982819,-0.008620761334896088,-0.5444908738136292,0.21292340755462646,0.7352966070175171,-0.2838791608810425,-0.10441675037145615,0.0
25.74134063720703,-12.167411804199219,-10.467185020446777,4.688989639282227,5.820951461791992,6.060341835021973,11.696511268615723,-0.9424746036529541,-9.356620788574219,0.22344504296779633,4.025847911834717,3.2090678215026855,0.13237521052360535,-8.204529762268066,4.700564384460449,1.3849177360534668,-15.378229141235352,5.512531757354736,3.5527498722076416,-1.5022104978561401,12.54493522644043,-21.963029861450195,-4.77384614944458,25.057947158813477,21.943191528320312,2.7314202785491943,-4.32797384262085,-15.488092422485352,3.1868762969970703,-4.703240394592285,-16.632343292236328,-17.930448532104492,11.246153831481934,-3.9894344806671143,-16.01789665222168,-3.661816358566284,3.8656420707702637,9.168601989746094,0.29089435935020447,0.9418200850486755,-5.228029251098633,1.9789665937423706,5.986567974090576,-1.3694757223129272,-3.8022043704986572,-0.20179252326488495,3.3220572471618652,0.2844252586364746,1.5052173137664795,-1.76644766330719,-0.5723314881324768,0.0896991491317749,-1.6689220666885376,-0.42351293563842773,0.7043792009353638,0.0
-5.554888725280762,3.45444393157959,-11.540057182312012,-1.470278263092041,13.84494686126709,2.068441867828369,19.985326766967773,1.8687446117401123,-9.68894100189209,-3.5145773887634277,-5.376951694488525,-0.27533257007598877,3.285719633102417,0.202883780002594,-5.768487930297852,4.501026153564453,-0.1943124532699585,-11.503254890441895,-4.74336051940918,7.0778679847717285,8.900226593017578,-23.341466903686523,-18.158432006835938,-2.512733221054077,17.44025993347168,-4.009613513946533,-0.7339407801628113,3.9254941940307617,1.0146700143814087,-9.593849182128906,2.20649790763855,9.720568656921387,-12.914705276489258,13.63752555847168,2.46034574508667,23.209884643554688,4.016353130340576,-15.170297622680664,-10.543192863464355,-1.9041553735733032,-3.1456692218780518,8.077448844909668,-4.962335586547852,-3.908751964569092,2.341609239578247,3.900832414627075,-1.897377848625183,3.6385085582733154,1.3046185970306396,-1.765499234199524,3.397843837738037,-1.903598427772522,-1.877968430519104,2.3843421936035156,1.3325330018997192,0.0
27.47671890258789,54.820194244384766,-40.452152252197266,-1.0451350212097168,24.693330764770508,7.52180290222168,-22.36273193359375,18.448530197143555,-26.176551818847656,-13.509350776672363,-7.486364841461182,13.076294898986816,-30.491804122924805,37.49161911010742,-34.03737258911133,-14.75977611541748,-25.674692153930664,-4.3459882736206055,14.074662208557129,-0.9551532864570618,-12.806841850280762,0.9192246198654175,9.207418441772461,-0.9147608280181885,-0.7237804532051086,-2.9325716495513916,-2.4343478679656982,2.827425956726074,1.2419015169143677,-1.9822916984558105,-0.04388267919421196,1.2453168630599976,-0.42298272252082825,-0.9877422451972961,-3.2010955810546875,-1.5224093198776245,-0.4358449876308441,0.7360345721244812,-0.4863335192203522,-0.9079123139381409,-0.2244447022676468,1.3701255321502686,-1.5157042741775513,-0.9170392751693726,-0.6139132976531982,0.12686176598072052,0.38389715552330017,0.6679961085319519,-0.6236141920089722,-0.7132607698440552,0.2933754622936249,-0.617118239402771,0.4065486192703247,0.2445121854543686,-0.03370656445622444,0.0
-25.482019424438477,41.331016540527344,0.07547686994075775,-5.688716888427734,-10.595166206359863,-14.285723686218262,-17.99901008605957,-10.143798828125,4.036750793457031,-8.42391586303711,-7.193771839141846,-27.0614070892334,-9.090038299560547,19.849077224731445,23.97466278076172,53.1725959777832,-4.581310749053955,-19.994659423828125,7.071097373962402,-19.1639461517334,-5.151834011077881,-17.86761474609375,6.471663475036621,1.9349629878997803,-5.417567253112793,-6.8461594581604,-3.1267249584198,-7.075603008270264,1.482213020324707,4.178722381591797,0.04300608113408089,1.152616024017334,-6.46942138671875,-1.7276313304901123,0.019860096275806427,-4.7040557861328125,1.5863269567489624,-1.0977864265441895,-0.7010319232940674,1.1601676940917969,-0.43671777844429016,-2.5564379692077637,-0.05693686753511429,0.2953535318374634,-1.1346299648284912,-0.002390429377555847,0.26003751158714294,-0.14130496978759766,-0.13450504839420319,-0.9950481653213501,0.1458415687084198,-0.22207319736480713,1.2313286066055298,-0.22788281738758087,0.22520647943019867,0.0
53.19428253173828,62.73185729980469,-31.229969024658203,-20.732301712036133,-35.868736267089844,-25.695722579956055,-8.998680114746094,-24.837251663208008,1.5439743995666504,-6.203536033630371,42.101863861083984,3.4487531185150146,24.58171844482422,-30.463359832763672,-19.39519500732422,5.015792369842529,-19.569889068603516,-11.306303977966309,4.210120677947998,13.677572250366211,-14.30086612701416,-3.071096420288086,-8.409308433532715,0.8755073547363281,-11.185694694519043,0.3256547749042511,-3.2252357006073,3.292447566986084,-1.8673065900802612,-1.7698898315429688,0.5427995920181274,0.2040438950061798,1.048403263092041,-0.49811869859695435,0.5252533555030823,-0.08397705107927322,-1.1403690576553345,-0.33243653178215027,-0.5456458926200867,-1.0967193841934204,-3.4606049060821533,-0.5941091179847717,-0.0484544113278389,0.49734747409820557,0.33278918266296387,-0.37984800338745117,0.49638184905052185,-0.42681884765625,-0.8683810234069824,-0.4245118200778961,0.03111930936574936,-1.1485711336135864,0.6029555797576904,0.049979317933321,0.7644702196121216,0.0
23.862064361572266,-15.496320724487305,-3.2963435649871826,-2.3680734634399414,-31.49386215209961,-3.212301254272461,-24.287626266479492,3.4363834857940674,-0.636054515838623,-2.3522682189941406,3.5739822387695312,-5.468422889709473,-0.8289773464202881,11.862220764160156,1.2098735570907593,-0.020176125690340996,16.391712188720703,1.916340708732605,-5.762147426605225,2.5174317359924316,-9.016355514526367,9.971654891967773,1.7132896184921265,10.268153190612793,22.117782592773438,4.667954921722412,-15.110130310058594,4.968591213226318,-8.883197784423828,8.39947509765625,-3.865043878555298,8.443795204162598,-5.534162998199463,12.268701553344727,-7.385910987854004,4.8184814453125,-11.208645820617676,-1.8591892719268799,22.670122146606445,-2.062000274658203,-8.364672660827637,3.8173744678497314,5.585066318511963,1.3664427995681763,4.498257160186768,1.4953949451446533,-0.1417640745639801,-4.059093952178955,4.563170433044434,6.8313775062561035,0.6096240878105164,3.1762619018554688,4.284643650054932,3.14383602142334,1.712201714515686,0.0
-18.979799270629883,-11.421608924865723,1.7344410419464111,0.6710230112075806,-25.2535400390625,-0.798429548740387,-28.636659622192383,12.500198364257812,6.116317272186279,-5.696835517883301,4.166091442108154,-5.049154758453369,-7.759266376495361,4.728715896606445,-8.920793533325195,-13.675863265991211,22.024478912353516,5.762679576873779,-10.613921165466309,3.962242364883423,-4.3130879402160645,-13.341171264648438,-16.286964416503906,4.286197185516357,3.3724007606506348,-32.13176727294922,9.25261116027832,0.3109792172908783,-19.85222053527832,5.516556739807129,6.494411468505859,-7.615727424621582,-0.4382329285144806,-5.264400959014893,-5.103477478027344,-6.466221809387207,-4.644349575042725,0.7320500016212463,-16.089859008789062,-0.2115703523159027,0.036905962973833084,-2.4708902835845947,-1.021389126777649,3.2624998092651367,-3.7012412548065186,0.159345343708992,1.292462706565857,-3.2084176540374756,-1.5900533199310303,0.8894160985946655,-0.8613682389259338,1.8695883750915527,-0.9584609270095825,-1.0676326751708984,-2.2932381629943848,0.0
-22.270259857177734,-17.042814254760742,-0.3152220547199249,-0.46762916445732117,6.462554931640625,-0.41147521138191223,14.105238914489746,-1.2369585037231445,-5.047341823577881,1.1961661577224731,-1.3656750917434692,-1.7617157697677612,12.886327743530273,6.551230430603027,3.909364938735962,-10.944840431213379,-4.094762802124023,-1.379292368888855,1.406726598739624,0.27650612592697144,-3.2300336360931396,-1.8388689756393433,-4.714420318603516,-3.8759851455688477,-4.277974605560303,-3.747689723968506,-2.330998182296753,-4.76937198638916,2.8297367095947266,-4.668729782104492,-1.8683781623840332,-7.765045642852783,-6.518185138702393,-1.315593957901001,2.8936681747436523,-0.4794648289680481,0.26047220826148987,0.6546764373779297,3.459567070007324,2.85713529586792,-1.9126379489898682,-6.698667049407959,-3.0042879581451416,-1.1104258298873901,-2.4190421104431152,2.136624574661255,3.8596835136413574,-0.7606601715087891,0.27048730850219727,4.558590888977051,9.771149635314941,-4.764394283294678,28.9395809173584,-0.05868710204958916,-11.003483772277832,0.0
-50.266605377197266,-1.9954140186309814,8.421378135681152,2.8179235458374023,-4.178483009338379,-2.4654178619384766,-6.545040130615234,-3.8426101207733154,2.4644253253936768,2.969400405883789,-4.975951671600342,3.150031328201294,-6.7631964683532715,-4.599157333374023,-7.6212944984436035,-6.894711017608643,1.7039164304733276,-1.1551624536514282,2.5603342056274414,-4.746259689331055,4.757039546966553,-12.10425853729248,-1.3932905197143555,3.999420642852783,-4.6121063232421875,3.4057202339172363,-4.904800891876221,-4.084260940551758,-0.4932042956352234,-6.1924848556518555,-4.585294723510742,18.447834014892578,20.435129165649414,-20.156597137451172,3.1526196002960205,1.6573723554611206,-1.17397940158844,-25.24040985107422,4.872772216796875,-5.353936195373535,-1.5643069744110107,-2.058088779449463,11.529958724975586,6.408544540405273,1.1523991823196411,-4.31917142868042,-1.5479248762130737,1.9377470016479492,-1.4472129344940186,5.263383865356445,-0.4465809166431427,0.415097713470459,1.450244426727295,-5.496694087982178,-2.4015579223632812,0.0
-32.586524963378906,-2.6919867992401123,4.5044989585876465,-0.0759119838476181,7.216823577880859,-1.4912910461425781,0.23224639892578125,-6.965865135192871,9.046331405639648,-0.7444342374801636,5.966955184936523,-5.552002906799316,0.6617043018341064,-0.18077462911605835,4.728214263916016,-2.12927508354187,-8.584855079650879,2.7733848094940186,-0.21359992027282715,-2.302436590194702,-3.9647774696350098,3.206165313720703,4.860971450805664,-3.9955673217773438,-0.8681304454803467,-3.419449806213379,9.220017433166504,2.403322696685791,4.0183868408203125,11.2328462600708,6.163776874542236,0.33373549580574036,9.13421630859375,-4.977992057800293,-5.591236114501953,6.650099754333496,4.149603843688965,3.939382553100586,2.6846702098846436,-16.829483032226562,-0.5287626385688782,15.648303031921387,-5.284184455871582,5.14199161529541,7.7062811851501465,13.714554786682129,10.005497932434082,-1.8315900564193726,12.134498596191406,-13.46883487701416,4.314914226531982,10.761541366577148,1.9236596822738647,-3.5742578506469727,-1.9031590223312378,0.0
42.73031234741211,73.55513763427734,63.843868255615234,110.24159240722656,-18.705535888671875,18.229806900024414,13.973551750183105,-7.730652809143066,-3.119304895401001,-5.904337406158447,1.4677211046218872,3.800084352493286,7.057258129119873,4.280637741088867,-5.9356689453125,0.08936528861522675,1.6792081594467163,-3.6312320232391357,-4.884961128234863,-4.182013034820557,-3.0683963298797607,1.0603922605514526,-0.9684968590736389,-2.0151519775390625,1.0924627780914307,-0.9771448969841003,1.415448546409607,1.9622102975845337,0.27980196475982666,1.0531644821166992,-2.4516828060150146,0.9710397720336914,-0.4739690124988556,-1.3471996784210205,0.7993195652961731,-0.3524640202522278,0.7892316579818726,0.9326239228248596,-0.008227510377764702,-0.45608147978782654,0.033176619559526443,-0.1761264204978943,-0.5881778001785278,0.03650820255279541,0.7232446670532227,-0.0370052307844162,0.33127912878990173,-0.17476189136505127,0.10287497937679291,0.02875504642724991,0.28095147013664246,-0.6046954393386841,0.08755196630954742,0.10026918351650238,0.34481915831565857,0.0
31.425777435302734,52.879234313964844,88.81590270996094,-73.41964721679688,-2.1712114810943604,74.7737045288086,-1.9217870235443115,-5.064400672912598,2.1391055583953857,-5.939875602722168,-1.4861199855804443,2.261033296585083,4.029815196990967,-0.9848622679710388,-1.2207361459732056,-1.7781131267547607,-3.427722454071045,-2.0201117992401123,-3.326925039291382,-5.083440780639648,-1.129721999168396,1.3375519514083862,-1.5472198724746704,0.8689241409301758,1.5485657453536987,-0.11702367663383484,0.024638483300805092,-0.31912508606910706,-1.1427730321884155,0.4471130669116974,-1.9232414960861206,0.08010676503181458,-0.4512682259082794,-0.37468940019607544,1.1813768148422241,0.13930243253707886,-0.3910904824733734,-0.29872843623161316,-0.47394123673439026,-0.16000136733055115,0.18947096168994904,-0.6040888428688049,-0.3659478425979614,0.03626692295074463,0.7499363422393799,-0.1920822113752365,-0.05769267678260803,0.040027134120464325,-0.20554043352603912,-0.2140127718448639,0.12988564372062683,-0.24606382846832275,-0.008141864091157913,0.027072060853242874,0.026259521022439003,0.0
-3.831010580062866,-4.025454521179199,-9.268075942993164,6.06793212890625,24.989171981811523,6.985576629638672,3.860353469848633,-0.8202584981918335,-3.661616325378418,-0.2297157198190689,7.246975421905518,6.566472053527832,-3.078101634979248,-2.7948319911956787,-1.25066077709198,-3.8986213207244873,0.06367350369691849,3.524845838546753,4.242191791534424,-8.126954078674316,-4.45328426361084,-7.996776580810547,-14.640028953552246,-1.168442964553833,-8.498336791992188,9.54888916015625,-6.823110103607178,-12.259448051452637,-2.785808801651001,39.665496826171875,8.649301528930664,-7.501725673675537,3.368452548980713,5.990070343017578,11.6185941696167,10.809155464172363,-0.04107341915369034,-1.945713996887207,1.3624294996261597,2.6654510498046875,-0.09278230369091034,-10.129190444946289,7.856096267700195,-6.728874683380127,-4.657322406768799,-1.0890858173370361,1.417258858680725,1.107569694519043,3.1828179359436035,2.527561664581299,0.5002149939537048,3.190159320831299,-4.5810227394104,0.7804375886917114,-1.9559019804000854,0.0
-17.633859634399414,5.814387798309326,33.26138687133789,3.1387741565704346,0.06007513403892517,-8.706921577453613,-7.282031059265137,-0.5339157581329346,-0.636608362197876,6.075623989105225,3.1972618103027344,0.6826766729354858,-7.7536702156066895,1.6212635040283203,3.7225873470306396,0.05874423682689667,5.988205909729004,4.8339056968688965,8.904521942138672,9.54323673248291,-5.22758150100708,5.8541083335876465,-3.293865203857422,1.1262826919555664,-7.415935516357422,0.9893766045570374,-12.924416542053223,-15.044400215148926,11.723634719848633,-19.87188148498535,34.00214767456055,-9.544748306274414,6.6274518966674805,14.047000885009766,-15.385481834411621,1.5273362398147583,1.7613195180892944,-5.063259124755859,0.963891327381134,2.072384834289551,3.6413516998291016,-1.1445012092590332,4.982522010803223,0.4800039529800415,0.1811191588640213,-0.5860493779182434,-0.11693540215492249,-0.8766522407531738,1.4203083515167236,0.6188735961914062,-1.0699703693389893,0.7502423524856567,-2.2214040756225586,-0.9436575174331665,-0.7247809171676636,0.0
16.995121002197266,50.97367858886719,-37.58460998535156,5.008999347686768,11.493330955505371,22.003847122192383,-5.045647144317627,34.0702018737793,4.32834005355835,73.31744384765625,-4.155194282531738,-26.579774856567383,12.557051658630371,-14.853741645812988,-8.323606491088867,0.1418948620557785,10.649738311767578,-6.198239326477051,12.290260314941406,-10.6316556930542,-1.3535288572311401,4.003006458282471,0.5973276495933533,-0.8244609832763672,5.002942085266113,-2.3998382091522217,-0.5292994379997253,1.3636947870254517,1.6965571641921997,-0.8872591257095337,1.410068154335022,0.37949541211128235,0.8102967143058777,-0.9434836506843567,0.020229168236255646,-0.8826239705085754,-0.6103430986404419,0.9511170983314514,-0.15650735795497894,-2.00111985206604,-0.04085377976298332,-1.2571520805358887,-1.0570026636123657,0.8905173540115356,0.1934811919927597,0.4640623927116394,0.5126978754997253,0.5587718486785889,-0.4296152591705322,-0.5412567853927612,-1.038193702697754,-0.11723780632019043,0.18102873861789703,0.20583830773830414,-0.18853558599948883,0.0
-35.548526763916016,-3.972397804260254,2.332840919494629,2.294374942779541,10.192641258239746,1.2695651054382324,0.16454142332077026,-5.456519603729248,5.628036975860596,-2.899168014526367,3.1440482139587402,-0.9435069561004639,-1.2003848552703857,-3.2975962162017822,-1.2862917184829712,-5.279869079589844,1.9000910520553589,-0.8877527117729187,2.791764259338379,-3.524451971054077,3.212876558303833,-7.54736328125,0.23799102008342743,3.4948651790618896,-3.7741336822509766,5.096099853515625,-7.877254009246826,-2.0172104835510254,-8.152180671691895,-10.381300926208496,7.500646591186523,23.158143997192383,-5.237032413482666,-11.427509307861328,-1.8315788507461548,15.074986457824707,-7.755733013153076,32.65104675292969,-2.869547128677368,1.5574291944503784,1.325775384902954,-5.704434871673584,4.332489490509033,1.2526108026504517,-2.9739980697631836,-2.5730319023132324,-2.5249972343444824,0.18605780601501465,6.360803604125977,-0.499873548746109,0.8112921118736267,-2.841019630432129,-1.634590983390808,-0.971166729927063,-1.239341139793396,0.0
7.943426132202148,37.52025604248047,-27.971176147460938,7.815972805023193,18.582149505615234,7.409491539001465,-41.1514892578125,22.393226623535156,-5.343985557556152,-14.44609546661377,-14.100984573364258,50.36132049560547,16.4086971282959,-20.63845443725586,46.27131652832031,-3.103606939315796,9.557333946228027,-10.326130867004395,4.9474921226501465,0.7885143160820007,-2.14259672164917,0.5638159513473511,1.5464919805526733,-0.2104576677083969,0.37709352374076843,-1.892103910446167,3.038325548171997,2.67873477935791,1.2075530290603638,-2.5155515670776367,0.33178582787513733,0.7165768146514893,-0.1203785240650177,-0.7418797612190247,0.22452527284622192,0.6735045313835144,0.003040693700313568,-0.5415651202201843,0.41784366965293884,-2.435553550720215,0.3378002345561981,0.3203520178794861,-0.4802476167678833,0.15219652652740479,0.25100862979888916,0.5617777109146118,0.3821469247341156,0.32977962493896484,-0.6237280368804932,-0.832410454750061,0.19622942805290222,-0.886560320854187,0.6190398931503296,0.01472698524594307,0.01096067763864994,0.0
-29.19329833984375,7.530409812927246,-7.495075702667236,-1.8676843643188477,-0.9016686677932739,-1.7412363290786743,0.9294583797454834,1.7896361351013184,-0.35700833797454834,-2.9010372161865234,-10.866793632507324,-5.012640476226807,11.609743118286133,2.436540126800537,-1.0635217428207397,-6.922037124633789,-3.208972692489624,-1.281713604927063,-0.03114938922226429,5.175728797912598,2.1353676319122314,3.566066265106201,-4.183099746704102,-6.954006195068359,-2.5939066410064697,-4.429483890533447,-1.2931252717971802,-1.3670903444290161,0.8713852167129517,-9.888801574707031,-6.920444011688232,-3.9025354385375977,-6.767088413238525,-4.128263473510742,9.05693244934082,-6.038663864135742,0.25747862458229065,-4.903465270996094,2.9614641666412354,18.195480346679688,0.6365997195243835,2.6953611373901367,3.0124456882476807,-10.121380805969238,1.3247654438018799,-10.29157543182373,5.716832160949707,-13.264561653137207,23.78841781616211,-1.955377221107483,-2.605717182159424,8.400792121887207,-4.124716281890869,-3.974308967590332,3.6406912803649902,0.0
5.183740615844727,-4.743852138519287,-8.871057510375977,3.7773563861846924,16.423582077026367,3.6728568077087402,2.9386959075927734,-4.2998151779174805,-4.943869590759277,-2.0930533409118652,14.2587308883667,-1.3549582958221436,-4.93213415145874,-4.862642288208008,4.948713302612305,-2.774088144302368,-1.964816927909851,4.750195503234863,1.8974759578704834,-0.6215816140174866,-0.8869115114212036,-2.300644874572754,-1.2612143754959106,-1.6952440738677979,6.5421295166015625,0.4685269892215729,1.226723074913025,-17.813583374023438,-2.9366085529327393,5.501422882080078,-0.033120136708021164,6.134715557098389,0.45200082659721375,-0.26478129625320435,-0.729623019695282,-7.870874404907227,-1.1464157104492188,0.43009141087532043,-1.82850182056427,11.358258247375488,5.523965835571289,-1.2706820964813232,-14.343771934509277,8.733694076538086,32.201385498046875,-4.796611309051514,-6.038287162780762,-1.800991415977478,-1.8931117057800293,3.9363319873809814,3.779831886291504,-1.6672660112380981,-2.2254152297973633,0.24032293260097504,-2.653286933898926,0.0
37.97124481201172,-40.484073638916016,0.5275804996490479,-6.780008316040039,-17.08715057373047,-2.241424560546875,21.38052749633789,10.324651718139648,-23.991308212280273,-1.5143383741378784,-26.4066104888916,9.93663215637207,9.108116149902344,-2.6729488372802734,-13.659990310668945,24.409799575805664,0.17730224132537842,-11.580645561218262,3.0548808574676514,5.11025333404541,-2.265472650527954,8.51290512084961,-5.946309566497803,5.385098934173584,-2.5948402881622314,-9.325434684753418,14.396381378173828,-4.232820987701416,2.6626856327056885,4.422596454620361,7.717979431152344,-0.612170934677124,11.810713768005371,-10.578231811523438,0.4775906205177307,11.485320091247559,-12.323121070861816,2.586350440979004,10.706557273864746,10.357967376708984,10.371809959411621,7.764340877532959,-7.327677249908447,0.8286663293838501,-2.2614800930023193,1.0746245384216309,4.237234115600586,-2.697592258453369,-4.27227783203125,2.3144285678863525,-5.870819091796875,-2.9830408096313477,0.28436243534088135,3.766672372817993,-0.09265079349279404,0.0
-23.75674819946289,5.01760721206665,-3.8574774265289307,-3.1189792156219482,3.0320169925689697,-4.270604133605957,5.617643356323242,-4.041107177734375,-1.0123828649520874,-3.8794665336608887,-1.0178945064544678,-4.857068061828613,13.96328067779541,11.03799057006836,3.2090554237365723,-8.574605941772461,0.610906720161438,1.2355492115020752,3.767571210861206,-0.8737204670906067,-0.5725945234298706,1.43348228931427,-2.9376633167266846,-11.83632755279541,-2.62227463722229,1.335248351097107,-3.5265233516693115,-0.8680695295333862,-1.208927035331726,-5.9779181480407715,-8.762127876281738,-10.540557861328125,-12.541894912719727,-1.9222309589385986,-0.4284585118293762,6.16452169418335,-4.614607810974121,-0.04218169301748276,3.29327130317688,0.677661120891571,8.77535343170166,-2.3476786613464355,6.4850172996521,21.137771606445312,0.6201465129852295,-1.6073880195617676,20.621570587158203,11.455948829650879,-8.384359359741211,5.3973283767700195,2.3503494262695312,7.158642768859863,-7.293442249298096,0.22192393243312836,4.218513011932373,0.0
40.62198257446289,53.101863861083984,-22.45635223388672,-10.148165702819824,-16.576269149780273,-11.731881141662598,24.962738037109375,-9.580928802490234,-29.34136390686035,-23.963603973388672,-29.438711166381836,-37.43594741821289,-29.232179641723633,-29.54135513305664,22.908981323242188,-22.430091857910156,8.736870765686035,12.165548324584961,2.7900726795196533,-5.892089366912842,-4.751293659210205,7.151671409606934,-4.4607834815979,1.4700453281402588,-4.000256061553955,0.9866765141487122,-0.9492594599723816,5.450765132904053,1.2975877523422241,0.008013276383280754,0.5477350950241089,0.5111219882965088,1.4284772872924805,-0.7669928669929504,0.3479310870170593,0.5678483843803406,0.27595844864845276,0.3897201120853424,-1.0127912759780884,-2.0537915229797363,-1.433612585067749,-0.719173014163971,-0.6603528261184692,-0.6500149965286255,-0.23564507067203522,0.6573525667190552,0.04087457060813904,0.6882030963897705,-0.7376503944396973,-0.10484256595373154,0.30607888102531433,-0.9311848878860474,-0.047623682767152786,0.5143414735794067,0.46282491087913513,0.0
-45.06629180908203,11.800293922424316,-3.6732051372528076,1.4389722347259521,0.8362364768981934,1.687382698059082,-14.42471981048584,1.932061791419983,-2.1975481510162354,7.989463806152344,-5.620581150054932,-3.5973503589630127,-3.811096429824829,9.104595184326172,-1.3997381925582886,5.049890041351318,-0.9041858911514282,4.5234479904174805,-15.017739295959473,3.7002031803131104,-9.313116073608398,-1.206767201423645,-23.700023651123047,18.371755599975586,-11.55247688293457,32.439273834228516,32.36148452758789,8.400189399719238,-0.2949436902999878,-3.4634695053100586,-1.225244402885437,0.7753373384475708,-6.0390214920043945,3.4525749683380127,-7.980514049530029,-4.2173027992248535,3.4579224586486816,0.05082801729440689,1.789166808128357,-0.24014243483543396,2.6868607997894287,-1.065460205078125,-0.5654665231704712,1.4088751077651978,0.2122342437505722,-2.0033469200134277,-0.707673966884613,-1.9440808296203613,0.11420892179012299,2.534806728363037,2.048870086669922,0.14963853359222412,-0.3438507318496704,-0.6147397756576538,-1.0493005514144897,0.0
1.7000977993011475,8.086553573608398,-10.282938957214355,-1.6590206623077393,5.682081699371338,-1.1797175407409668,0.4255084991455078,-10.61480712890625,5.014326095581055,-7.728216171264648,11.139450073242188,0.5201972723007202,0.2545311748981476,-7.377251625061035,-2.914445400238037,1.2260334491729736,3.0613133907318115,5.290729522705078,4.938773155212402,-7.760509014129639,2.51690936088562,1.1942791938781738,3.258523464202881,-15.555265426635742,17.236618041992188,10.893880844116211,-2.0983493328094482,1.0547960996627808,-7.759544849395752,4.312970161437988,-1.176676630973816,2.9274442195892334,-1.532747507095337,-3.7021076679229736,-14.054616928100586,-4.996800422668457,3.1932854652404785,-7.507409572601318,-1.215754747390747,4.125120162963867,28.310598373413086,-2.1798150539398193,-7.6539154052734375,3.3165152072906494,-15.413599967956543,7.986743927001953,-8.989960670471191,-0.49387264251708984,7.429202556610107,2.283450126647949,-1.8784565925598145,0.6666301488876343,3.493370532989502,1.156265139579773,1.9900113344192505,0.0
67.7674560546875,-29.462242126464844,-7.824138641357422,-6.020357131958008,-32.410099029541016,-4.335670471191406,1.482593297958374,9.12758731842041,-3.962153673171997,-4.7876996994018555,-6.275720119476318,-14.803227424621582,42.38007354736328,39.036705017089844,17.312274932861328,-21.966489791870117,-6.0254411697387695,1.4404057264328003,14.747475624084473,-0.8968032002449036,12.050812721252441,-1.3810406923294067,0.042007848620414734,3.2607369422912598,-5.2563605308532715,9.33895492553711,-0.6846873164176941,-5.97179651260376,-7.852907180786133,3.692741870880127,7.7073187828063965,10.660175323486328,5.147214889526367,0.18589729070663452,1.005844235420227,-5.062200546264648,10.671001434326172,-1.141362190246582,-5.703330039978027,-3.1706483364105225,-0.22702018916606903,1.997922420501709,-3.6554677486419678,-2.2465267181396484,-1.887141466140747,-1.0281161069869995,-1.1267858743667603,0.2370849847793579,-2.78289794921875,-3.042532205581665,-0.818545401096344,-1.6863514184951782,-2.9280753135681152,0.904251217842102,0.8545199632644653,0.0
28.087345123291016,-40.97251510620117,3.054049491882324,-2.857459545135498,-6.788054466247559,0.8742408156394958,6.753060817718506,-0.7731246948242188,-14.797364234924316,-3.094463348388672,-8.744635581970215,8.328391075134277,-1.2974519729614258,-3.7957534790039062,-9.971052169799805,17.705310821533203,14.104483604431152,-10.442730903625488,10.087371826171875,1.7187172174453735,-7.264374732971191,16.076805114746094,-1.2347723245620728,-19.920372009277344,7.879025936126709,15.65302562713623,1.0389293432235718,-5.557396411895752,2.250018835067749,1.21860933303833,-3.197964906692505,-0.6253659725189209,0.4059700667858124,-4.841791152954102,-5.819611072540283,-4.581674575805664,-2.6544504165649414,-0.06402059644460678,-19.32719612121582,-3.5816709995269775,-18.872177124023438,-0.04701714962720871,2.3787124156951904,8.536413192749023,-4.358002185821533,-5.102410793304443,-3.9750375747680664,-2.944641590118408,3.491014242172241,-0.7253838777542114,7.297501564025879,5.971853733062744,-1.440348744392395,-0.41345369815826416,-5.736420631408691,0.0
-29.560840606689453,-10.437224388122559,5.483712196350098,0.7853407859802246,6.829471111297607,1.1837897300720215,2.359130859375,-5.350994110107422,-1.8615050315856934,0.9444953203201294,3.7300336360931396,1.0711935758590698,-3.1971075534820557,-0.654580295085907,1.2635563611984253,-2.5133416652679443,3.4538025856018066,-1.9093109369277954,1.2826423645019531,0.3093206286430359,-4.847537517547607,1.8783318996429443,-0.7785497307777405,-1.9928717613220215,-1.0184801816940308,3.3222005367279053,-5.956019878387451,-3.387559175491333,0.5504517555236816,1.3232002258300781,-1.4293690919876099,0.7126851081848145,-0.7988237738609314,0.7996236681938171,-0.18997901678085327,-3.68902850151062,-0.6906834840774536,-0.30420294404029846,-2.303995370864868,-1.3298622369766235,-4.791629314422607,3.729130983352661,-4.447263717651367,-2.0441787242889404,-2.54787278175354,-2.562291383743286,3.951782703399658,0.8832266330718994,-2.815208911895752,-0.029318951070308685,-3.6478111743927,-1.4775056838989258,3.434915781021118,3.2853260040283203,2.576134204864502,0.0
15.057182312011719,-19.679344177246094,-6.733659744262695,4.621034622192383,15.11841106414795,7.403055191040039,21.461936950683594,-0.5112245082855225,-0.6981630325317383,-1.9179823398590088,4.9037089347839355,0.4485272169113159,-0.5105974674224854,-5.459258079528809,5.028383731842041,0.5473402142524719,-14.85524845123291,6.178328990936279,-1.2949955463409424,4.553844928741455,-1.4674757719039917,-6.984868049621582,6.056155204772949,1.5670688152313232,8.636107444763184,-5.739282608032227,15.243175506591797,-8.842659950256348,-5.588549613952637,-4.764471054077148,13.718456268310547,0.5345494747161865,-11.493570327758789,1.82077956199646,11.779535293579102,-13.197953224182129,-12.071806907653809,-4.205269813537598,13.567916870117188,-15.203112602233887,-6.163529396057129,-5.404097557067871,-3.6352627277374268,8.72650146484375,-8.271759986877441,-9.66779613494873,-7.42581844329834,6.678487300872803,5.327698707580566,-5.301456928253174,-5.777116298675537,1.1152452230453491,-1.030698537826538,0.1515456885099411,2.205111503601074,0.0
-42.86797332763672,-3.967271566390991,1.718597650527954,3.4012556076049805,5.526843070983887,2.330500364303589,-0.07817555218935013,-2.5129172801971436,2.8718531131744385,1.7249327898025513,-2.5036873817443848,-3.5882389545440674,8.308269500732422,6.323173522949219,4.482536315917969,-9.388337135314941,-3.9768590927124023,2.8192427158355713,1.4550201892852783,0.08816736191511154,-2.6774981021881104,1.2594377994537354,-2.5515317916870117,-2.259730815887451,-12.978311538696289,-0.38310202956199646,-4.67229700088501,-2.5339860916137695,1.3266355991363525,-3.2174720764160156,-7.288796424865723,-9.385793685913086,-3.8999152183532715,-4.632745742797852,0.7614205479621887,2.896864414215088,-7.231431007385254,-2.0043115615844727,5.540520191192627,11.293055534362793,-15.687935829162598,1.0620558261871338,-6.214660167694092,7.144702911376953,-3.797342538833618,24.67816925048828,-18.112974166870117,-2.0322046279907227,-2.5370709896087646,0.6704798936843872,-4.641680717468262,-2.2562270164489746,-7.3632049560546875,-3.6410703659057617,1.9406310319900513,0.0
-15.494219779968262,-12.7484130859375,-1.7162256240844727,-2.7366175651550293,-0.15152910351753235,-1.9809088706970215,0.6344952583312988,-5.834228038787842,-8.528457641601562,-2.340458869934082,4.9995808601379395,1.6424463987350464,-1.0848567485809326,4.748158931732178,-2.6650803089141846,5.4238810539245605,9.818477630615234,0.08501282334327698,-1.4487550258636475,2.3440558910369873,-7.943376064300537,10.333175659179688,-6.635024070739746,-4.206669330596924,14.714574813842773,6.043985366821289,-4.1509928703308105,-1.0305731296539307,-0.8308392763137817,0.08023837208747864,-2.125088691711426,1.4121206998825073,-2.9950177669525146,-0.9540207982063293,4.252895832061768,-4.108849048614502,0.8450219631195068,-1.3791775703430176,-0.6836540102958679,-4.28764533996582,2.1288647651672363,-5.979711055755615,1.7942970991134644,-4.847056865692139,3.901247024536133,5.89619779586792,11.827731132507324,-0.827584981918335,-2.0653398036956787,-11.282691955566406,-13.793086051940918,-18.38766860961914,-1.8162885904312134,-16.9591121673584,-3.587632179260254,0.0
-17.253650665283203,-29.8939151763916,4.427656650543213,1.4984170198440552,-3.442772626876831,1.795259952545166,-2.027954578399658,-1.577012538909912,-4.438376426696777,3.489175796508789,-0.14967219531536102,5.44059419631958,-5.613038539886475,-2.019141912460327,-4.274024963378906,4.113554000854492,6.119324684143066,-1.8834037780761719,0.9275381565093994,-0.3297479748725891,-5.230465888977051,5.47510290145874,-1.9663273096084595,-3.1133391857147217,-0.05356243625283241,2.3658359050750732,-3.3985183238983154,-3.2226624488830566,-0.6604099273681641,0.8507165908813477,-1.8236052989959717,0.14369848370552063,-0.09009364247322083,-4.4058074951171875,-2.195892095565796,-1.1033202409744263,3.4289040565490723,0.6610091328620911,-1.9552305936813354,-0.5992036461830139,-3.103363275527954,-4.580399036407471,-3.745382785797119,-0.7556318044662476,-0.13938172161579132,-3.5727689266204834,0.5447314381599426,-0.4162254333496094,-2.337484121322632,-6.079160690307617,5.435076713562012,-2.0102710723876953,1.1050690412521362,6.834103107452393,16.588167190551758,0.0
24.54511833190918,-27.632959365844727,-3.4990732669830322,5.432695388793945,-0.7360535860061646,4.744945526123047,2.220597982406616,-2.6189002990722656,10.334714889526367,0.33676254749298096,2.778310775756836,-1.2267004251480103,-1.398388385772705,-11.153495788574219,1.9643458127975464,-0.08758370578289032,-11.383304595947266,4.789820194244385,3.1375837326049805,-3.9491984844207764,-3.6430609226226807,11.661664962768555,22.16077423095703,4.451282978057861,-1.7330620288848877,-1.143035650253296,18.046743392944336,-11.815131187438965,-7.564091682434082,-0.7761697769165039,1.368127465248108,5.692715167999268,-13.998391151428223,-1.693030595779419,-6.8942999839782715,0.40710878372192383,-6.106757640838623,-7.084799289703369,-11.278630256652832,6.534902095794678,-1.0287306308746338,2.909071445465088,17.50050926208496,-14.651004791259766,5.30127477645874,10.799598693847656,4.524432182312012,9.3151273727417,-1.2607147693634033,5.836158752441406,-2.8063182830810547,1.221218466758728,0.7660747766494751,1.8736841678619385,-0.7682875394821167,0.0
114.75589752197266,-15.079488754272461,39.07997512817383,-6.27507209777832,55.36810302734375,-44.55919647216797,-32.82587432861328,-46.66542053222656,8.113181114196777,20.078378677368164,-28.77351951599121,-2.29622483253479,6.22703218460083,0.6310043931007385,-7.09088134765625,-5.115628719329834,1.542662501335144,2.4210517406463623,-12.291563034057617,-2.6236016750335693,-2.546086549758911,-3.2072253227233887,-2.4952499866485596,-1.051781177520752,0.7017924189567566,-3.835348606109619,0.17997010052204132,1.3741406202316284,-1.2516857385635376,-0.8996858596801758,-2.535865545272827,0.6262984275817871,0.5514988303184509,-0.4453595280647278,1.3714622259140015,-0.6329174637794495,0.6340689063072205,0.5153630375862122,0.7707522511482239,0.10354653000831604,-0.22055666148662567,0.21635860204696655,-0.567052960395813,0.33882105350494385,-0.22407843172550201,-0.1981208771467209,-0.30537691712379456,0.08728539198637009,-0.47653794288635254,-0.7632828950881958,0.262604683637619,-0.4139820337295532,0.059484850615262985,-0.214959517121315,0.03596983477473259,0.0
-14.308639526367188,10.98625659942627,38.83933639526367,0.11840154230594635,3.44870924949646,-11.120344161987305,-6.930335998535156,-3.7955150604248047,-5.0427093505859375,10.240730285644531,3.9553399085998535,-2.103081226348877,-14.847596168518066,-0.013606969267129898,3.831631898880005,7.6343255043029785,9.990513801574707,10.026972770690918,42.4311637878418,46.57170486450195,18.053945541381836,-3.4147138595581055,6.4469428062438965,4.959104061126709,-2.765561819076538,-1.3193485736846924,5.883129596710205,8.611709594726562,-1.8115462064743042,8.629681587219238,-8.351831436157227,0.9035129547119141,-4.4337849617004395,-0.03959685564041138,3.900749444961548,0.026044659316539764,1.766367793083191,0.6899653077125549,1.1166552305221558,-0.23035559058189392,1.9535536766052246,-1.1386255025863647,-0.7637803554534912,-0.4028218984603882,-0.16675736010074615,0.7853929400444031,-0.33509358763694763,1.1282529830932617,0.21926091611385345,0.02425561100244522,0.9307951331138611,-0.4996415376663208,0.7847782373428345,0.37663376331329346,-0.802061915397644,0.0
